,prediction
0,4.877799999999999
1,7.795600000000002
2,1.6674999999999998
3,1.7982999999999996
4,4.986300000000001
5,29.455099999999998
6,5.579900000000001
7,3.9046000000000003
8,4.0238000000000005
9,7.001099999999997
10,7.638500000000005
11,5.411499999999997
12,9.960400000000003
13,4.139400000000001
14,10.3102
15,9.308200000000005
16,8.605300000000002
17,4.943500000000001
18,0.7630007999999998
19,5.275999999999999
20,6.0823
21,7.3520999999999965
22,2.9750999999999994
23,3.4625999999999992
24,7.3027
25,6.050000000000003
26,3.7178999999999967
27,14.465
28,44.50219999999996
29,1.6253
30,17.411200000000008
31,3.081300000000001
32,2.5242999999999984
33,2.8895999999999997
34,2.0846000000000005
35,5.440599999999996
36,4.513499999999996
37,3.2674000000000007
38,3.8345000000000056
39,26.693300000000004
40,2.0736000000000003
41,5.594899999999998
42,18.005800000000004
43,3.369699999999998
44,7.502700000000001
45,6.851900000000004
46,63.54309999999996
47,3.7263999999999977
48,25.6859
49,3.984399999999999
50,9.842600000000001
51,6.831699999999999
52,7.1679999999999975
53,2.0892
54,5.5173000000000005
55,3.4838
56,3.1459
57,6.932499999999997
58,11.812000000000003
59,11.269400000000001
60,4.4171
61,6.7033000000000005
62,7.985499999999993
63,10.445
64,12.6154
65,5.0303
66,29.6804
67,1.8413999999999995
68,17.979300000000002
69,7.516999999999999
70,4.709700000000001
71,4.446699999999999
72,5.449599999999999
73,5.379999999999995
74,22.076100000000014
75,17.04180000000001
76,5.7579999999999965
77,1.6609292999999994
78,3.2522999999999973
79,3.7496000000000014
80,8.763
81,25.290300000000006
82,10.736799999999999
83,50.71679999999999
84,13.852600000000006
85,18.552300000000006
86,7.105900000000003
87,4.273100000000002
88,4.784099999999998
89,23.113599999999998
90,4.884600000000001
91,20.511999999999997
92,17.930200000000003
93,4.830699999999995
94,8.540700000000001
95,1.9471000000000012
96,5.7154
97,3.222100000000001
98,4.122000000000003
99,16.842700000000004
100,6.426800000000002
101,2.5343000000000013
102,4.689799999999999
103,5.258100000000004
104,7.491699999999998
105,15.884400000000007
106,3.8112000000000013
107,2.003300000000001
108,3.9233999999999982
109,5.801699999999994
110,5.486100000000001
111,5.123499999999998
112,16.903100000000013
113,5.180899999999999
114,5.642999999999997
115,6.803800000000001
116,3.2291000000000003
117,0.7344009
118,5.6717
119,5.9201999999999995
120,15.99440000000002
121,25.802000000000007
122,8.852099999999997
123,10.1
124,5.905500000000001
125,3.6726000000000014
126,2.6131999999999986
127,5.541499999999998
128,5.256499999999999
129,2.496100000000001
130,5.363899999999998
131,5.792200000000001
132,14.055800000000001
133,7.836399999999998
134,4.5660000000000025
135,5.5108000000000015
136,4.442400000000003
137,3.8445000000000005
138,5.798999999999995
139,11.166200000000002
140,3.8339999999999987
141,2.892700000000001
142,6.364299999999999
143,79.48339999999996
144,6.716100000000003
145,4.789299999999998
146,4.532799999999999
147,4.689000000000001
148,48.28920000000001
149,4.782899999999999
150,6.688000000000001
151,6.377600000000002
152,2.2864000000000004
153,2.1060293000000008
154,5.718399999999997
155,25.322800000000008
156,3.5188000000000015
157,2.739799999999999
158,8.786999999999995
159,31.9743
160,3.2944999999999993
161,2.712400000000001
162,57.9035
163,4.3966
164,5.049199999999998
165,2.1290999999999998
166,16.590100000000003
167,6.382100000000001
168,12.469100000000003
169,7.136800000000001
170,4.2503
171,6.126400000000001
172,27.9907
173,3.194299999999997
174,1.3883576000000002
175,41.4497
176,9.556000000000003
177,15.8223
178,1.3121268000000001
179,2.226899999999999
180,9.2975
181,12.623399999999998
182,3.527100000000001
183,10.1482
184,5.428500000000001
185,3.9267999999999996
186,4.445700000000003
187,8.171599999999996
188,10.405
189,6.816199999999998
190,6.899899999999994
191,2.2403999999999997
192,7.298100000000001
193,8.682100000000002
194,8.0606
195,6.495299999999999
196,4.1625999999999985
197,8.3498
198,3.760499999999999
199,3.7342999999999993
200,7.278900000000001
201,9.285400000000003
202,5.630700000000002
203,8.462100000000005
204,6.816200000000004
205,3.2626
206,8.447599999999998
207,24.08930000000001
208,5.875299999999998
209,3.2248999999999994
210,5.629300000000003
211,3.6743000000000037
212,2.5155999999999987
213,14.644600000000004
214,4.363499999999999
215,6.1027
216,1.6809422
217,0.6811002000000002
218,4.186000000000001
219,2.969100000000001
220,6.220799999999998
221,12.031799999999999
222,4.241799999999999
223,8.040199999999997
224,4.0672
225,2.774900000000001
226,6.642299999999998
227,4.0213
228,17.376300000000004
229,4.3971
230,8.078999999999997
231,13.3849
232,4.086499999999998
233,5.254500000000002
234,12.831400000000004
235,6.221099999999999
236,13.384300000000005
237,3.964799999999999
238,2.9230999999999985
239,11.655899999999997
240,7.2573
241,11.202600000000002
242,3.544899999999999
243,3.5024000000000006
244,8.908599999999998
245,7.302399999999995
246,0.8794436
247,3.4949999999999983
248,4.496
249,49.90389999999999
250,5.888600000000002
251,4.2931
252,11.266099999999996
253,7.767299999999998
254,3.844799999999999
255,13.875200000000005
256,5.259300000000001
257,8.499699999999997
258,4.789799999999997
259,14.582400000000007
260,18.262000000000004
261,15.284299999999998
262,19.713700000000006
263,16.4812
264,4.691399999999997
265,9.153300000000002
266,6.1293999999999995
267,4.193400000000002
268,4.198699999999999
269,3.3650000000000015
270,5.446799999999999
271,4.938099999999997
272,3.921199999999997
273,2.9198000000000004
274,4.552999999999998
275,33.8733
276,12.3245
277,23.149199999999997
278,21.648399999999995
279,2.0359557000000006
280,4.195899999999999
281,35.2825
282,7.230099999999998
283,7.719599999999997
284,3.8819999999999997
285,5.0323
286,12.212500000000002
287,7.834100000000001
288,5.139199999999996
289,6.9446
290,11.297699999999995
291,8.704499999999996
292,6.492499999999999
293,3.3081553
294,5.763199999999996
295,6.398499999999998
296,4.437799999999998
297,10.0019
298,5.560899999999996
299,8.614899999999999
300,7.077299999999996
301,5.0771000000000015
302,5.8002
303,10.128199999999998
304,4.833
305,13.5896
306,8.638799999999998
307,7.465800000000004
308,3.350099999999998
309,15.27300000000001
310,5.000100000000001
311,44.37700000000001
312,7.165400000000003
313,3.0456
314,3.882200000000001
315,2.951100000000002
316,2.526800000000001
317,5.246899999999998
318,3.908299999999997
319,2.4815
320,5.990400000000001
321,3.639600000000001
322,6.644699999999999
323,9.348600000000003
324,9.171500000000002
325,1.9628
326,1.6197635
327,6.3004
328,4.873099999999997
329,24.3138
330,10.7981
331,3.2925
332,2.0907
333,8.4228
334,14.352099999999998
335,8.396400000000002
336,1.1760008999999996
337,17.140500000000017
338,4.188700000000001
339,6.653199999999998
340,10.197600000000001
341,18.534400000000012
342,3.7398000000000007
343,4.435499999999999
344,17.533500000000004
345,5.168399999999998
346,12.238800000000003
347,4.372299999999999
348,23.43660000000001
349,3.6073000000000013
350,4.709
351,5.062299999999999
352,2.3199000000000005
353,7.266900000000004
354,3.2166
355,5.5047999999999995
356,5.438100000000002
357,13.5453
358,5.889200000000005
359,7.879699999999998
360,3.6284999999999985
361,13.950600000000001
362,3.9079000000000015
363,3.716499999999997
364,2.0327999999999973
365,6.074299999999999
366,2.768699999999998
367,18.152300000000004
368,8.743500000000001
369,6.648799999999998
370,21.446200000000008
371,6.200500000000001
372,5.783599999999999
373,1.5028404999999996
374,3.2801999999999993
375,1.9252999999999991
376,6.0136
377,4.8191999999999995
378,4.613
379,29.438499999999998
380,5.011899999999997
381,24.072800000000008
382,9.526800000000001
383,10.534700000000004
384,4.769400000000001
385,5.387900000000001
386,6.160199999999998
387,4.358200000000002
388,4.460799999999999
389,9.610499999999996
390,1.2935139000000007
391,8.7277
392,2.8714000000000004
393,5.998399999999998
394,4.871399999999998
395,7.656099999999997
396,103.97099999999995
397,3.3514000000000004
398,6.220899999999999
399,4.081900000000001
400,7.712899999999998
401,5.1201
402,12.439100000000003
403,10.342099999999999
404,40.6539
405,8.351100000000004
406,21.2614
407,5.8744999999999985
408,2.5590999999999995
409,1.6405000000000007
410,7.125800000000001
411,4.208600000000001
412,13.049600000000003
413,11.596300000000006
414,9.879499999999998
415,2.1758884000000007
416,3.6881999999999953
417,2.3344051000000015
418,7.079300000000002
419,9.970799999999997
420,2.861399999999999
421,4.936400000000002
422,1.7652514000000001
423,4.4565
424,2.1925323
425,4.148400000000002
426,6.254600000000002
427,6.188500000000004
428,7.950200000000001
429,1.1785976000000011
430,10.952400000000003
431,5.984199999999999
432,2.7568999999999977
433,2.3569000000000013
434,2.433199999999999
435,2.7710999999999997
436,5.0412
437,3.1323999999999987
438,48.07789999999999
439,2.7603999999999997
440,3.8276000000000017
441,16.10640000000001
442,1.9667
443,2.2100999999999984
444,5.125899999999999
445,4.2336
446,9.649800000000008
447,3.6960999999999977
448,7.498099999999998
449,4.118
450,4.4606
451,4.9624999999999995
452,3.8237000000000023
453,2.719799999999999
454,13.623800000000006
455,4.5774
456,43.11129999999999
457,5.051799999999997
458,2.906
459,2.803400000000001
460,3.218500000000002
461,7.016900000000001
462,4.358799999999999
463,1.9264000000000001
464,7.523999999999997
465,2.9788
466,9.982699999999996
467,3.6312000000000006
468,4.748800000000002
469,5.235899999999999
470,26.442999999999994
471,5.4171
472,4.931899999999998
473,4.252300000000002
474,1.6549999999999998
475,20.439000000000007
476,10.839300000000001
477,36.468300000000006
478,18.686600000000002
479,2.4879999999999987
480,7.471299999999998
481,3.6753000000000005
482,3.3814999999999986
483,10.581000000000003
484,6.2894000000000005
485,14.315700000000003
486,2.842600000000001
487,6.224400000000006
488,3.708900000000001
489,5.059099999999998
490,2.938799999999999
491,2.6560999999999995
492,4.422700000000002
493,10.489599999999998
494,52.277999999999984
495,8.5215
496,57.3375
497,4.317800000000005
498,5.8789
499,4.817799999999998
500,6.695799999999999
501,10.7892
502,17.994399999999995
503,5.786399999999999
504,6.5664000000000025
505,6.1712
506,12.668
507,5.4792
508,5.6724999999999985
509,4.230900000000003
510,6.795699999999997
511,12.341500000000003
512,7.234500000000002
513,4.858599999999998
514,26.5775
515,6.894099999999996
516,77.48599999999996
517,9.122999999999998
518,25.29520000000001
519,0.8179740999999997
520,7.795499999999999
521,8.905399999999997
522,17.56030000000001
523,3.1329999999999973
524,1.1933987999999993
525,5.639000000000001
526,5.5532
527,3.3457999999999983
528,3.4622999999999995
529,3.1922000000000024
530,8.035
531,16.2391
532,13.530500000000009
533,7.543600000000001
534,5.126999999999997
535,5.754199999999996
536,3.1749999999999994
537,6.6146
538,26.688700000000004
539,1.6533999999999998
540,4.633000000000001
541,47.343999999999994
542,6.542699999999999
543,7.087200000000003
544,7.386900000000009
545,7.4886
546,8.5781
547,14.94240000000001
548,23.201900000000006
549,3.596799999999999
550,7.041300000000003
551,3.305999999999999
552,1.8752000000000006
553,6.1754000000000016
554,9.453399999999997
555,9.163900000000002
556,2.6558000000000006
557,3.9784999999999986
558,13.726400000000007
559,3.350199999999999
560,4.724700000000001
561,7.4201
562,23.782000000000004
563,2.2373256
564,4.440899999999998
565,6.388999999999999
566,5.222999999999996
567,2.5382999999999973
568,9.536200000000001
569,10.181299999999997
570,33.6809
571,3.162500000000001
572,3.2536999999999994
573,5.9133000000000004
574,4.010599999999998
575,4.2853
576,24.553500000000017
577,12.766300000000001
578,3.6299
579,9.871399999999992
580,3.490299999999998
581,7.019600000000005
582,4.4997
583,2.6209999999999996
584,3.0354999999999994
585,35.1242
586,3.317799999999999
587,8.142499999999995
588,22.4352
589,5.327799999999997
590,4.700799999999997
591,5.985
592,3.4016999999999995
593,4.196599999999998
594,1.8513321000000003
595,5.578200000000001
596,4.999399999999993
597,5.274500000000006
598,8.0983
599,5.688199999999996
600,40.21940000000001
601,9.974100000000002
602,6.505699999999998
603,6.921199999999999
604,13.554600000000004
605,7.900400000000003
606,8.9465
607,2.5175
608,2.2935000000000003
609,6.1436
610,6.690300000000004
611,5.519599999999996
612,5.186999999999996
613,2.0386000000000006
614,2.616700700000001
615,2.886999999999997
616,5.765000000000002
617,4.4613
618,3.680300000000001
619,6.339000000000001
620,1.8726000000000012
621,10.1925
622,43.4807
623,4.8813
624,2.0965000000000003
625,5.8159
626,7.080200000000006
627,17.13890000000001
628,7.787499999999999
629,6.1576999999999975
630,6.6091000000000015
631,18.5287
632,8.24480000000001
633,15.106200000000007
634,12.874600000000004
635,19.235300000000002
636,17.764100000000003
637,6.7855
638,6.363999999999997
639,2.4625000000000004
640,5.831400000000001
641,19.458100000000005
642,18.038800000000002
643,9.8719
644,3.2716999999999996
645,1.7769
646,2.1481
647,10.5394
648,7.552800000000007
649,3.5476000000000005
650,4.013399999999999
651,9.4504
652,7.469199999999997
653,7.486199999999999
654,8.771999999999997
655,14.097400000000002
656,8.648100000000001
657,6.565499999999999
658,8.009499999999997
659,6.6947000000000045
660,4.7589999999999995
661,11.497399999999997
662,5.775
663,4.4586000000000015
664,4.395200000000002
665,6.893599999999999
666,1.4865113999999997
667,6.370800000000002
668,2.0353000000000008
669,3.476400000000001
670,6.662099999999999
671,6.9289999999999985
672,2.054100000000001
673,8.664700000000005
674,7.970400000000001
675,9.4676
676,3.2612
677,4.737699999999999
678,5.811699999999998
679,15.675400000000002
680,10.0108
681,2.124800000000001
682,28.83749999999999
683,13.7204
684,4.462300000000001
685,4.6071
686,31.0028
687,4.991700000000001
688,3.6985999999999977
689,7.8437000000000054
690,2.5980007000000005
691,12.816400000000002
692,5.530599999999998
693,1.7922000000000002
694,5.108399999999997
695,7.8443999999999985
696,6.978399999999999
697,15.438000000000006
698,2.3070000000000004
699,4.732099999999998
700,5.9342
701,8.204600000000001
702,7.578999999999996
703,2.1687999999999987
704,8.107299999999999
705,4.2884
706,3.4921999999999995
707,3.825299999999996
708,8.2176
709,11.548800000000002
710,6.0626
711,4.912999999999996
712,7.5456000000000065
713,26.64520000000001
714,1.1413999999999997
715,4.391399999999997
716,4.3319
717,2.3239293000000005
718,3.9647000000000023
719,8.985999999999999
720,6.4099
721,3.357100000000003
722,5.346500000000003
723,15.317200000000009
724,10.310799999999997
725,9.774500000000003
726,2.0475000000000008
727,11.864100000000008
728,5.580499999999998
729,5.860299999999999
730,6.948599999999999
731,4.458299999999998
732,6.818399999999993
733,13.467599999999997
734,6.479700000000001
735,3.531600000000001
736,3.548899999999999
737,8.685400000000003
738,6.795899999999998
739,5.185599999999999
740,2.9749
741,5.386300000000002
742,7.812399999999999
743,9.931099999999994
744,5.7976
745,11.606300000000001
746,7.1751
747,2.4266999999999994
748,15.674300000000002
749,11.880699999999992
750,7.141600000000003
751,2.1617
752,5.930100000000002
753,27.725899999999996
754,11.835000000000006
755,4.0981999999999985
756,9.382500000000002
757,8.293599999999994
758,2.1820999999999997
759,3.652200000000003
760,49.7985
761,6.880199999999993
762,16.964399999999994
763,6.747199999999997
764,9.551000000000002
765,6.699200000000001
766,52.32689999999999
767,18.538100000000014
768,9.774499999999994
769,59.995899999999985
770,7.090199999999999
771,8.7841
772,2.0362000000000005
773,3.9692000000000003
774,5.637599999999999
775,4.9151
776,7.196400000000003
777,5.897400000000002
778,52.4175
779,2.456699999999999
780,7.654100000000004
781,5.248899999999999
782,1.2041000000000004
783,18.38770000000001
784,5.4716000000000005
785,7.249300000000001
786,5.673700000000008
787,3.1025000000000045
788,6.607500000000003
789,1.8429000000000015
790,12.539300000000003
791,2.882200000000001
792,8.638500000000004
793,2.1715
794,13.235900000000004
795,12.479899999999997
796,8.058400000000004
797,26.3385
798,9.894599999999995
799,3.5748000000000038
800,5.388799999999999
801,9.751600000000002
802,15.037500000000005
803,12.697300000000002
804,4.688900000000004
805,3.0479
806,7.381700000000002
807,2.6107000000000022
808,7.586400000000001
809,5.3043999999999984
810,5.942000000000002
811,6.031800000000001
812,29.914699999999996
813,6.536899999999999
814,3.0231
815,5.876500000000001
816,17.379800000000007
817,5.378399999999998
818,4.783
819,7.714900000000001
820,5.524300000000003
821,3.8099999999999987
822,3.7599
823,14.319399999999991
824,29.026000000000018
825,7.097599999999999
826,6.0309
827,9.587800000000001
828,2.5724293000000005
829,1.7118000000000004
830,3.8946000000000036
831,2.682799999999999
832,24.610800000000005
833,19.136400000000002
834,9.890899999999993
835,13.251699999999998
836,3.2598000000000007
837,3.9860000000000015
838,2.0125
839,3.5384999999999986
840,4.446
841,8.059100000000006
842,5.615300000000002
843,4.2475000000000005
844,7.6495
845,8.3026
846,3.6039999999999974
847,2.3497999999999997
848,4.504199999999999
849,11.302300000000008
850,7.601099999999998
851,7.304100000000003
852,5.187999999999997
853,11.7024
854,3.9350000000000005
855,5.342599999999997
856,0.9521784999999997
857,17.3398
858,1.153198900000001
859,4.1312000000000015
860,2.4563467
861,1.2859650999999996
862,5.6629999999999985
863,3.407200000000002
864,3.100500000000001
865,5.238199999999999
866,8.100000000000001
867,7.4175
868,1.0905576000000006
869,3.529899999999999
870,53.253899999999994
871,15.4838
872,3.8274999999999983
873,11.990900000000005
874,4.1277000000000035
875,2.624899999999999
876,18.5116
877,2.9693000000000005
878,3.893300000000003
879,7.141900000000001
880,6.8279
881,2.951500000000001
882,4.905199999999995
883,10.418399999999998
884,5.5404
885,6.2964
886,12.046900000000008
887,3.790999999999999
888,2.4938000000000002
889,1.4431000000000003
890,1.6447555000000005
891,5.293999999999999
892,5.5986999999999965
893,6.514400000000002
894,5.9472000000000005
895,3.9867000000000004
896,2.601800000000001
897,0.9308341
898,7.9821000000000035
899,1.4995999999999998
900,4.5245
901,8.668999999999997
902,5.535
903,5.849799999999999
904,6.555899999999999
905,1.6031000000000006
906,7.738800000000001
907,2.4643999999999995
908,7.225200000000002
909,4.195499999999999
910,2.2927999999999993
911,10.691700000000008
912,13.533900000000008
913,5.702300000000005
914,7.232499999999999
915,7.185299999999997
916,3.535199999999998
917,21.720100000000006
918,8.728599999999998
919,10.070700000000002
920,2.4864000000000006
921,7.544799999999999
922,5.864999999999998
923,7.164599999999998
924,7.304200000000001
925,5.329999999999999
926,6.066800000000001
927,12.68710000000001
928,43.01670000000001
929,13.0533
930,3.604599999999999
931,4.493399999999998
932,3.562100000000001
933,18.6388
934,9.955299999999998
935,3.451
936,7.828700000000005
937,11.584900000000003
938,7.338200000000004
939,2.7179999999999995
940,3.044300000000003
941,8.902
942,6.0437
943,6.927400000000002
944,16.396
945,19.088999999999995
946,25.52320000000001
947,8.208999999999993
948,3.4513000000000016
949,10.854300000000006
950,0.9953751000000005
951,1.9451000000000005
952,3.6211
953,5.660600000000003
954,10.862800000000002
955,1.3447018
956,17.132300000000004
957,21.644700000000004
958,5.164900000000004
959,7.417200000000004
960,2.1511000000000013
961,10.112700000000007
962,4.376599999999999
963,5.432500000000001
964,4.176500000000001
965,15.788099999999988
966,3.1412999999999993
967,8.091399999999998
968,4.1548
969,10.438400000000001
970,2.634599999999998
971,8.047300000000009
972,1.1202964000000002
973,4.214
974,27.424899999999997
975,37.1096
976,6.029899999999999
977,8.356500000000004
978,9.569799999999997
979,5.867399999999999
980,8.199799999999996
981,12.372400000000006
982,6.766699999999997
983,6.560999999999996
984,8.3199
985,3.945000000000001
986,10.9949
987,4.2509999999999994
988,3.0854999999999984
989,44.174499999999995
990,8.788399999999994
991,10.216400000000002
992,17.803400000000003
993,5.7178
994,9.224500000000003
995,8.658100000000006
996,6.4845999999999995
997,13.306700000000008
998,40.69910000000001
999,3.9957999999999974
1000,12.746899999999998
1001,5.8564
1002,10.298200000000001
1003,22.729400000000005
1004,11.850800000000003
1005,9.032700000000006
1006,22.452700000000004
1007,5.337000000000001
1008,1.1158975999999998
1009,10.322500000000005
1010,6.691800000000001
1011,6.317400000000001
1012,3.867499999999998
1013,5.4026999999999985
1014,7.081600000000002
1015,8.5658
1016,4.378299999999999
1017,8.901000000000003
1018,3.6373
1019,8.254800000000005
1020,2.9750000000000005
1021,1.4394000000000002
1022,6.3317000000000005
1023,5.8211999999999975
1024,18.362900000000007
1025,5.2913000000000014
1026,3.6444
1027,11.610799999999992
1028,4.849
1029,2.6023999999999994
1030,10.236099999999999
1031,7.127900000000003
1032,9.593300000000005
1033,8.143000000000002
1034,10.6536
1035,3.949999999999999
1036,2.1151
1037,6.096200000000001
1038,2.885500000000001
1039,5.842600000000002
1040,6.722699999999998
1041,10.933800000000009
1042,1.7748107
1043,7.421200000000002
1044,3.200299999999998
1045,5.284600000000001
1046,2.4467999999999996
1047,42.74679999999999
1048,8.357600000000009
1049,7.622599999999995
1050,11.492400000000002
1051,5.1434999999999995
1052,7.256199999999999
1053,4.379100000000001
1054,5.1267
1055,6.521200000000001
1056,8.915799999999996
1057,8.4708
1058,4.0806
1059,8.291399999999998
1060,11.078499999999996
1061,10.093600000000002
1062,4.0494635
1063,6.2977
1064,4.4895999999999985
1065,3.7663999999999986
1066,5.0193
1067,9.947000000000001
1068,2.311100000000001
1069,4.3375
1070,3.248500000000001
1071,3.329899999999999
1072,16.673800000000007
1073,2.4341000000000013
1074,21.555400000000013
1075,8.3682
1076,6.167999999999999
1077,11.529100000000005
1078,8.370700000000001
1079,3.8250999999999986
1080,12.667300000000003
1081,3.833400000000001
1082,8.5101
1083,6.620299999999999
1084,4.146
1085,3.6782000000000004
1086,7.5921
1087,20.848799999999997
1088,8.749500000000001
1089,5.449100000000002
1090,7.0993
1091,5.922200000000001
1092,17.232200000000006
1093,7.305200000000001
1094,7.575999999999997
1095,1.8766000000000003
1096,5.981100000000001
1097,19.225400000000008
1098,15.616200000000001
1099,6.849899999999998
1100,9.945099999999993
1101,1.7956001999999995
1102,7.2837
1103,4.427099999999998
1104,6.994399999999998
1105,7.9190999999999985
1106,14.765600000000006
1107,6.683800000000003
1108,47.22229999999999
1109,3.4068
1110,16.80930000000001
1111,24.723200000000016
1112,8.166000000000002
1113,8.0118
1114,4.157099999999996
1115,8.442700000000004
1116,14.163700000000008
1117,5.687599999999998
1118,25.3493
1119,4.753999999999996
1120,19.10540000000001
1121,1.4973999999999998
1122,25.6396
1123,3.423299999999999
1124,16.45360000000001
1125,3.8191999999999995
1126,5.043999999999998
1127,6.852400000000005
1128,17.824200000000012
1129,8.3538
1130,6.942200000000001
1131,4.1538
1132,15.889
1133,4.2089
1134,3.0663000000000005
1135,3.7799000000000023
1136,5.240399999999997
1137,7.380699999999998
1138,3.2439999999999993
1139,6.8469000000000015
1140,6.801800000000001
1141,21.173099999999994
1142,6.649899999999999
1143,8.914400000000006
1144,4.366100000000001
1145,7.417200000000003
1146,12.586100000000002
1147,4.1492
1148,5.9818
1149,10.593399999999997
1150,1.6584001000000004
1151,8.860900000000003
1152,4.2439
1153,3.1762
1154,2.3110999999999997
1155,20.720000000000006
1156,3.2274999999999987
1157,8.685599999999999
1158,6.8134000000000015
1159,5.865199999999999
1160,13.670700000000009
1161,1.9515000000000007
1162,5.208800000000002
1163,1.8485000000000007
1164,4.253599999999999
1165,5.534800000000002
1166,9.363799999999996
1167,6.861799999999999
1168,5.6607
1169,2.221599999999999
1170,5.744299999999999
1171,5.735400000000001
1172,4.429099999999997
1173,1.721100000000002
1174,4.672600000000003
1175,22.046000000000003
1176,2.9776
1177,3.1532999999999998
1178,3.4798
1179,6.719000000000001
1180,10.733699999999997
1181,11.458100000000002
1182,1.0281266
1183,12.0124
1184,5.035100000000001
1185,5.194000000000001
1186,6.356700000000001
1187,5.0839
1188,2.2966000000000015
1189,15.697400000000005
1190,5.909800000000002
1191,17.985000000000003
1192,11.164700000000003
1193,1.1793925999999992
1194,3.152500000000004
1195,2.0105000000000017
1196,2.9898000000000007
1197,42.117700000000006
1198,5.883800000000001
1199,6.834700000000003
1200,3.0885999999999996
1201,4.473300000000004
1202,3.9272000000000005
1203,3.976799999999997
1204,4.038000000000001
1205,6.137199999999998
1206,4.853699999999995
1207,1.245106299999999
1208,4.328899999999999
1209,5.016999999999998
1210,3.077199999999999
1211,9.794400000000001
1212,4.1525
1213,14.802200000000003
1214,7.706999999999996
1215,3.3336999999999994
1216,2.372
1217,5.924499999999999
1218,6.430700000000004
1219,2.903099999999999
1220,10.742899999999997
1221,4.429900000000002
1222,2.3146
1223,3.6346000000000016
1224,3.998299999999998
1225,2.5879999999999983
1226,5.102
1227,7.999899999999997
1228,7.737100000000001
1229,5.913899999999999
1230,11.138100000000001
1231,7.128799999999999
1232,6.249199999999997
1233,27.544999999999995
1234,6.753399999999996
1235,3.445099999999998
1236,38.8461
1237,5.255100000000001
1238,5.952800000000002
1239,1.6999760000000004
1240,8.819499999999996
1241,8.0992
1242,7.980399999999996
1243,16.520600000000005
1244,4.568999999999999
1245,7.905000000000006
1246,2.0295999999999985
1247,5.375900000000004
1248,2.0133383000000005
1249,5.74
1250,4.34
1251,10.820000000000004
1252,3.6421000000000006
1253,4.613700000000002
1254,2.405100000000003
1255,3.3086000000000007
1256,5.253400000000002
1257,6.1438000000000015
1258,6.998800000000002
1259,4.291400000000001
1260,5.6724
1261,5.4059
1262,8.5306
1263,5.2242999999999995
1264,3.8846
1265,7.572300000000005
1266,23.403500000000005
1267,3.8467000000000002
1268,4.9376000000000015
1269,11.927000000000003
1270,5.2189999999999985
1271,5.9565
1272,19.321000000000012
1273,18.084500000000006
1274,8.882600000000002
1275,5.924999999999998
1276,17.5848
1277,41.014100000000006
1278,21.373500000000007
1279,3.0719999999999983
1280,2.9844000000000013
1281,3.4195999999999986
1282,2.799100000000001
1283,4.620500000000002
1284,9.669900000000002
1285,2.0295000000000005
1286,10.397700000000007
1287,12.281699999999999
1288,3.001400000000002
1289,3.0895999999999986
1290,35.231300000000005
1291,8.9697
1292,32.66730000000001
1293,2.8470000000000004
1294,5.863399999999998
1295,53.3124
1296,6.161699999999999
1297,1.8534000000000008
1298,19.126
1299,6.362599999999997
1300,3.7566999999999977
1301,15.98000000000001
1302,7.663999999999998
1303,5.4341
1304,12.404900000000008
1305,1.623900000000001
1306,5.984399999999999
1307,10.183899999999996
1308,12.561400000000013
1309,6.893299999999997
1310,4.3862999999999985
1311,5.7822999999999976
1312,3.995299999999998
1313,4.254099999999999
1314,8.2046
1315,4.354600000000002
1316,8.009
1317,7.451100000000001
1318,7.7574999999999985
1319,5.032400000000001
1320,5.965000000000001
1321,8.8635
1322,19.808899999999998
1323,6.5191000000000034
1324,3.440699999999998
1325,4.870300000000001
1326,7.384699999999999
1327,6.554599999999998
1328,4.367800000000002
1329,6.204000000000002
1330,33.0799
1331,39.2151
1332,3.8441999999999963
1333,4.798099999999996
1334,10.559400000000004
1335,5.7037
1336,4.779899999999997
1337,5.872299999999999
1338,2.5661000000000014
1339,6.115299999999996
1340,1.9453000000000011
1341,7.389499999999999
1342,1.7294999999999996
1343,2.0520556999999995
1344,2.151700000000004
1345,1.033
1346,12.884400000000012
1347,6.270400000000004
1348,11.084999999999996
1349,7.012299999999997
1350,3.8075999999999977
1351,2.7681999999999967
1352,6.397500000000003
1353,7.538000000000006
1354,1.8865
1355,3.3619999999999988
1356,6.073199999999999
1357,7.8734
1358,4.843400000000003
1359,6.510900000000001
1360,17.596199999999996
1361,48.5199
1362,11.702100000000005
1363,10.087499999999999
1364,16.457499999999996
1365,20.3578
1366,19.6314
1367,3.9393999999999996
1368,1.8420000000000007
1369,4.541500000000002
1370,19.18310000000001
1371,5.909500000000001
1372,8.443800000000005
1373,6.238500000000003
1374,4.822599999999997
1375,57.176
1376,4.883999999999998
1377,16.961700000000004
1378,5.539200000000001
1379,1.1442011000000003
1380,45.179
1381,6.762
1382,6.577700000000001
1383,5.054000000000005
1384,4.252199999999999
1385,3.8929
1386,6.183699999999996
1387,4.0882999999999985
1388,5.732599999999999
1389,6.915300000000001
1390,10.352800000000002
1391,4.014
1392,16.66350000000001
1393,6.0817000000000005
1394,3.6473999999999993
1395,11.086099999999993
1396,5.676999999999997
1397,4.465899999999998
1398,2.677500000000001
1399,2.863499999999998
1400,1.2921282999999997
1401,3.6161999999999996
1402,2.3583
1403,66.565
1404,2.9270999999999976
1405,32.241400000000006
1406,4.1043
1407,8.678600000000001
1408,13.679099999999991
1409,3.8504000000000014
1410,4.410500000000001
1411,6.877599999999998
1412,2.8794999999999984
1413,3.8214000000000006
1414,3.6129999999999978
1415,8.344300000000008
1416,2.5836
1417,7.777299999999999
1418,27.90449999999998
1419,3.7282000000000006
1420,6.194799999999999
1421,47.930699999999995
1422,20.863600000000005
1423,8.124
1424,3.2819999999999983
1425,10.975500000000002
1426,5.5375999999999985
1427,7.2997000000000005
1428,20.763900000000003
1429,19.794
1430,5.4712999999999985
1431,5.6553
1432,6.303600000000002
1433,6.1299
1434,9.475600000000007
1435,4.483399999999998
1436,7.711
1437,6.466600000000001
1438,3.1003000000000016
1439,3.305999999999999
1440,8.595299999999995
1441,20.096000000000014
1442,5.672300000000003
1443,4.948100000000001
1444,4.0542635
1445,33.6829
1446,1.3271000000000004
1447,2.4455
1448,5.483199999999995
1449,9.230800000000004
1450,6.612799999999997
1451,3.0861
1452,6.334800000000001
1453,8.778500000000003
1454,5.742600000000002
1455,23.312600000000007
1456,7.738100000000003
1457,8.657499999999997
1458,21.74580000000001
1459,5.1057
1460,1.7580000000000007
1461,15.487200000000009
1462,49.1759
1463,2.9666
1464,7.0818000000000065
1465,28.44
1466,4.1156000000000015
1467,7.275999999999995
1468,6.3017
1469,3.2144999999999992
1470,3.5508000000000006
1471,6.149599999999997
1472,2.4464000000000006
1473,3.1422000000000008
1474,1.581300000000001
1475,0.7555999999999998
1476,3.5631000000000004
1477,2.1981292999999984
1478,3.160900000000002
1479,7.319200000000006
1480,30.584799999999994
1481,2.294399999999999
1482,8.776800000000003
1483,10.870799999999997
1484,4.023899999999999
1485,6.010200000000002
1486,5.3526
1487,16.439000000000007
1488,13.265900000000006
1489,5.681499999999999
1490,3.4065999999999956
1491,4.466199999999999
1492,9.636900000000008
1493,6.672900000000002
1494,1.9203999999999997
1495,6.0516999999999985
1496,7.629200000000001
1497,11.969100000000001
1498,4.355200000000002
1499,7.639600000000005
1500,20.93680000000001
1501,3.7455999999999987
1502,10.122199999999998
1503,3.450399999999998
1504,31.520900000000005
1505,7.040400000000001
1506,2.7290000000000014
1507,7.200799999999997
1508,11.648100000000005
1509,3.9048000000000003
1510,3.945
1511,22.163599999999995
1512,4.128299999999999
1513,4.7775
1514,11.963099999999997
1515,10.543600000000001
1516,4.038000000000001
1517,3.951200000000002
1518,3.8077999999999976
1519,4.625099999999998
1520,4.533800000000001
1521,12.265300000000009
1522,9.951300000000005
1523,8.520200000000003
1524,9.976099999999999
1525,3.715099999999999
1526,3.9794000000000023
1527,7.463200000000004
1528,4.3853
1529,4.445299999999999
1530,8.615699999999999
1531,28.6915
1532,6.3454
1533,10.075600000000007
1534,4.948799999999998
1535,34.187000000000005
1536,5.424799999999999
1537,5.801199999999994
1538,4.623100000000002
1539,5.5053
1540,3.2483999999999984
1541,2.921899999999999
1542,23.693999999999996
1543,4.257000000000002
1544,3.2965000000000004
1545,3.0302
1546,20.166700000000002
1547,7.3612
1548,8.021499999999998
1549,4.735599999999996
1550,3.2735999999999983
1551,6.154199999999998
1552,3.7293999999999983
1553,6.6800999999999995
1554,4.620099999999997
1555,4.682599999999999
1556,3.040599999999999
1557,0.6890007000000001
1558,33.5854
1559,4.611999999999996
1560,7.204099999999999
1561,3.4772000000000003
1562,51.14739999999999
1563,3.090099999999999
1564,3.2623
1565,10.493699999999999
1566,4.205
1567,6.588599999999996
1568,49.2372
1569,9.244300000000004
1570,12.498900000000008
1571,4.780200000000004
1572,5.982199999999999
1573,9.092200000000002
1574,6.8671000000000015
1575,5.8866
1576,1.7185292999999995
1577,8.5856
1578,5.9742
1579,4.493300000000002
1580,12.753700000000007
1581,3.6412
1582,7.923700000000002
1583,7.637900000000002
1584,4.0754
1585,4.337899999999998
1586,4.722899999999998
1587,4.3928999999999965
1588,1.9530172000000001
1589,11.851199999999999
1590,4.283799999999999
1591,5.424499999999996
1592,4.574899999999997
1593,7.468800000000001
1594,7.738099999999998
1595,6.512700000000001
1596,10.897
1597,5.747700000000004
1598,2.1071
1599,6.994399999999997
1600,3.922499999999999
1601,0.7241
1602,4.2262
1603,3.2659999999999956
1604,7.2098999999999975
1605,5.426599999999997
1606,7.551100000000003
1607,1.8121000000000012
1608,25.0024
1609,44.976000000000006
1610,7.488599999999999
1611,9.398400000000002
1612,6.0078000000000005
1613,4.7071999999999985
1614,7.4391
1615,4.395699999999999
1616,2.7175
1617,5.4739999999999975
1618,1.8906
1619,9.115700000000002
1620,9.91829999999999
1621,9.33280000000001
1622,5.8623
1623,8.7849
1624,2.9631999999999983
1625,8.888599999999999
1626,0.7358576000000002
1627,26.718099999999982
1628,1.5448988000000003
1629,5.7164
1630,5.769500000000002
1631,4.578500000000002
1632,2.792299999999999
1633,8.335799999999999
1634,2.079600000000001
1635,4.071499999999997
1636,6.545399999999997
1637,6.6245
1638,33.430899999999994
1639,9.853900000000007
1640,3.5289000000000006
1641,1.7643000000000004
1642,15.268500000000007
1643,10.000000000000002
1644,3.4591000000000007
1645,4.896100000000001
1646,4.68
1647,9.083499999999997
1648,0.6080001000000004
1649,20.91400000000001
1650,7.415200000000002
1651,6.134200000000001
1652,3.283399999999999
1653,6.296600000000001
1654,1.7463335
1655,1.8098999999999983
1656,5.225999999999999
1657,3.4767
1658,4.993199999999998
1659,3.999300000000003
1660,5.522800000000002
1661,3.6409000000000002
1662,2.3705999999999996
1663,10.020100000000005
1664,4.281099999999998
1665,9.352300000000003
1666,4.830100000000004
1667,9.451400000000008
1668,5.374599999999995
1669,6.786599999999997
1670,6.828899999999997
1671,3.863299999999999
1672,4.2844999999999995
1673,19.872399999999992
1674,7.369300000000004
1675,11.210700000000005
1676,28.0918
1677,3.627399999999999
1678,5.8022
1679,4.935799999999998
1680,5.914799999999997
1681,15.578000000000001
1682,8.4936
1683,4.6956
1684,9.803099999999999
1685,5.525000000000001
1686,2.8010999999999977
1687,8.074399999999999
1688,3.7862000000000005
1689,8.942199999999998
1690,9.070899999999993
1691,9.491399999999999
1692,3.573599999999999
1693,8.1414
1694,4.0405
1695,10.011299999999999
1696,18.716200000000015
1697,2.703299999999999
1698,7.665899999999999
1699,16.646900000000006
1700,4.744699999999999
1701,4.225500000000002
1702,6.719100000000002
1703,4.260900000000002
1704,7.8025
1705,7.911099999999999
1706,2.3846999999999996
1707,36.89750000000001
1708,7.358199999999997
1709,8.2662
1710,2.972599999999998
1711,3.570900000000001
1712,5.580799999999995
1713,4.002
1714,13.047699999999999
1715,6.9456999999999995
1716,3.4953
1717,46.64449999999999
1718,4.767499999999996
1719,5.449499999999995
1720,18.90930000000001
1721,14.793099999999997
1722,8.247799999999998
1723,50.236900000000006
1724,5.867100000000002
1725,17.861900000000002
1726,5.885799999999997
1727,14.382800000000001
1728,25.475299999999997
1729,5.2637
1730,6.962500000000001
1731,1.2995189999999999
1732,7.715300000000003
1733,8.367299999999998
1734,5.446999999999999
1735,5.077399999999999
1736,2.058999999999999
1737,8.4819
1738,2.0047999999999995
1739,5.9685000000000015
1740,8.130200000000002
1741,1.8237000000000005
1742,13.049700000000003
1743,9.2214
1744,4.985500000000001
1745,7.709799999999997
1746,11.416899999999996
1747,16.391600000000007
1748,6.122000000000001
1749,13.798400000000008
1750,12.3378
1751,5.988599999999999
1752,4.835799999999997
1753,1.4858999999999996
1754,8.816600000000001
1755,5.031500000000001
1756,1.1278171999999997
1757,10.372700000000002
1758,7.452100000000001
1759,12.191700000000008
1760,5.114399999999999
1761,26.361500000000007
1762,5.2337
1763,6.5936
1764,3.3904000000000014
1765,8.522600000000004
1766,4.814799999999996
1767,4.4773
1768,6.5517
1769,4.6302
1770,2.9183
1771,5.251599999999996
1772,3.287200000000001
1773,36.3644
1774,5.2297
1775,9.838499999999998
1776,5.439500000000002
1777,6.385900000000001
1778,2.623299999999998
1779,5.541000000000002
1780,5.4693000000000005
1781,7.299300000000001
1782,2.796599999999998
1783,11.239199999999999
1784,5.5975
1785,8.915000000000003
1786,10.984699999999997
1787,15.398000000000007
1788,1.5282001000000005
1789,2.7742999999999993
1790,2.0591000000000004
1791,4.8728000000000025
1792,8.794599999999997
1793,6.302700000000001
1794,5.175100000000002
1795,8.2214
1796,1.9314000000000007
1797,21.0523
1798,9.4545
1799,5.8964
1800,12.801200000000003
1801,7.115000000000002
1802,4.7389
1803,16.0795
1804,5.0373
1805,7.239199999999996
1806,1.8644000000000003
1807,3.9737000000000045
1808,5.568599999999998
1809,4.4582
1810,5.337899999999999
1811,6.447700000000005
1812,3.253
1813,7.640599999999996
1814,2.0227999999999993
1815,6.812900000000004
1816,5.858899999999997
1817,4.2886
1818,7.4815
1819,6.465800000000001
1820,5.3905
1821,5.3101
1822,5.8260000000000005
1823,9.3915
1824,3.3164999999999973
1825,4.216400000000001
1826,3.8941
1827,6.397800000000002
1828,4.281000000000001
1829,3.4338000000000015
1830,1.4604210999999991
1831,4.467
1832,7.677400000000001
1833,6.4879
1834,8.326400000000001
1835,6.188400000000001
1836,15.104299999999997
1837,7.998999999999999
1838,23.3688
1839,6.275599999999998
1840,1.6990745999999997
1841,2.927299999999997
1842,7.320700000000004
1843,5.234699999999999
1844,17.046699999999998
1845,23.71
1846,2.8712
1847,5.994299999999999
1848,7.910899999999998
1849,7.709299999999998
1850,4.7164
1851,3.9315999999999955
1852,10.461599999999999
1853,4.5741
1854,4.965999999999999
1855,5.2948
1856,7.920899999999998
1857,7.3351
1858,7.552
1859,3.285199999999999
1860,6.608200000000004
1861,57.51479999999998
1862,14.640800000000004
1863,5.947399999999999
1864,5.009799999999999
1865,2.1919999999999997
1866,8.905700000000001
1867,7.1815
1868,7.137400000000007
1869,2.5610999999999997
1870,6.123299999999998
1871,6.2575999999999965
1872,10.463900000000006
1873,8.926300000000003
1874,6.829699999999999
1875,4.228600000000001
1876,10.418
1877,3.591699999999999
1878,1.6206760000000002
1879,3.556899999999997
1880,3.4256000000000006
1881,6.231199999999996
1882,7.935100000000001
1883,4.526
1884,18.801099999999998
1885,6.501999999999999
1886,5.8180000000000005
1887,5.423800000000001
1888,8.770700000000007
1889,5.509899999999999
1890,3.226599999999999
1891,6.114699999999998
1892,4.3697
1893,11.5656
1894,10.706900000000001
1895,6.772700000000002
1896,3.234599999999999
1897,5.319400000000003
1898,2.9928999999999992
1899,1.7385000000000002
1900,10.659800000000002
1901,3.0844
1902,4.307899999999998
1903,6.648700000000003
1904,5.028500000000001
1905,25.083000000000002
1906,3.975399999999998
1907,6.569800000000002
1908,6.438300000000002
1909,7.518900000000003
1910,4.264899999999998
1911,6.985800000000003
1912,5.308599999999997
1913,7.867900000000002
1914,10.384500000000003
1915,3.1467999999999994
1916,4.960800000000002
1917,2.565299999999999
1918,27.2507
1919,2.096899999999998
1920,5.8783
1921,7.673199999999995
1922,7.389500000000001
1923,5.468100000000001
1924,2.4666000000000023
1925,7.161400000000004
1926,7.802600000000004
1927,6.147900000000001
1928,5.985800000000001
1929,4.450600000000001
1930,7.242599999999998
1931,3.7521
1932,8.759299999999998
1933,3.8441999999999994
1934,1.937800000000001
1935,4.092500000000003
1936,4.5116000000000005
1937,5.138299999999997
1938,3.076299999999999
1939,4.642999999999998
1940,20.559100000000004
1941,11.401400000000002
1942,5.682699999999996
1943,1.9988000000000017
1944,6.916299999999999
1945,27.939400000000006
1946,2.7866999999999975
1947,6.226699999999998
1948,2.068200000000001
1949,6.137899999999997
1950,8.452100000000002
1951,1.4940988
1952,5.531500000000005
1953,3.4911999999999987
1954,4.692199999999998
1955,10.717999999999996
1956,5.8348
1957,13.581700000000003
1958,5.759599999999999
1959,3.0922999999999985
1960,9.214899999999993
1961,2.6740000000000013
1962,13.081900000000005
1963,18.9314
1964,8.353200000000001
1965,7.500200000000001
1966,4.4936
1967,9.078099999999996
1968,4.170800000000001
1969,4.107700000000001
1970,4.385399999999998
1971,4.3246999999999955
1972,3.171100000000001
1973,8.463900000000002
1974,14.930200000000012
1975,2.7439999999999998
1976,7.052800000000002
1977,7.822600000000003
1978,10.8038
1979,6.596800000000001
1980,5.412399999999999
1981,7.003299999999997
1982,3.0231999999999983
1983,2.5538
1984,4.186999999999997
1985,4.5374
1986,50.1136
1987,2.9299000000000013
1988,8.714100000000002
1989,5.110499999999999
1990,7.014399999999998
1991,18.933500000000002
1992,5.661200000000001
1993,6.300399999999999
1994,4.897200000000005
1995,2.7336999999999994
1996,2.665065699999999
1997,5.586699999999997
1998,3.941099999999999
1999,10.0961
2000,4.956100000000008
2001,1.7907999999999995
2002,33.5635
2003,9.2979
2004,6.578599999999998
2005,5.799399999999997
2006,4.2403
2007,6.748200000000002
2008,4.8542999999999985
2009,27.566600000000015
2010,20.96060000000001
2011,5.363300000000001
2012,8.964299999999998
2013,12.4893
2014,20.0052
2015,5.5034
2016,4.809600000000002
2017,8.092500000000003
2018,3.646999999999998
2019,6.094599999999999
2020,3.6982000000000004
2021,3.6719999999999993
2022,12.65450000000001
2023,8.440800000000001
2024,10.6119
2025,6.5127999999999995
2026,12.246099999999998
2027,10.731800000000003
2028,6.2698
2029,5.047999999999999
2030,6.174200000000001
2031,16.6565
2032,2.9359109
2033,15.63930000000001
2034,4.721399999999999
2035,18.0303
2036,5.249900000000001
2037,22.503100000000003
2038,18.077900000000003
2039,11.138499999999999
2040,3.970299999999998
2041,3.670999999999999
2042,6.180399999999999
2043,3.549400000000002
2044,4.482500000000004
2045,4.891699999999999
2046,8.269699999999998
2047,8.0201
2048,7.471899999999998
2049,7.355800000000001
2050,7.736299999999999
2051,2.3463292999999994
2052,12.078199999999997
2053,4.473
2054,5.8777
2055,3.2723999999999993
2056,2.904200000000001
2057,2.529299999999999
2058,5.990600000000001
2059,4.556199999999997
2060,2.0349
2061,5.400299999999999
2062,26.5357
2063,4.053499999999999
2064,4.856299999999998
2065,24.970699999999997
2066,16.105099999999997
2067,4.038399999999999
2068,8.754700000000003
2069,1.9920999999999995
2070,6.650300000000003
2071,11.0925
2072,5.478900000000001
2073,7.4538000000000055
2074,6.431399999999999
2075,5.011899999999998
2076,8.443600000000004
2077,5.7978999999999985
2078,4.003599999999999
2079,2.6456000000000013
2080,5.175999999999998
2081,0.8949999999999999
2082,8.045500000000004
2083,5.605000000000002
2084,5.002200000000001
2085,5.388999999999999
2086,3.762499999999999
2087,4.2684000000000015
2088,9.209400000000004
2089,6.105700000000001
2090,4.472999999999998
2091,1.6317000000000008
2092,20.111900000000002
2093,3.4359999999999973
2094,3.088699999999999
2095,3.4015999999999984
2096,3.344899999999996
2097,1.7852000000000006
2098,3.1589999999999994
2099,3.3293
2100,15.999100000000004
2101,3.7385999999999973
2102,16.2151
2103,47.575
2104,29.819000000000003
2105,5.357099999999997
2106,4.230100000000002
2107,31.33460000000002
2108,2.8813
2109,13.365600000000015
2110,4.4619
2111,4.3835999999999995
2112,6.7856000000000005
2113,2.2671000000000006
2114,6.207600000000002
2115,14.503100000000003
2116,18.303500000000007
2117,6.055200000000001
2118,8.770900000000001
2119,12.975300000000002
2120,13.5924
2121,4.362870899999999
2122,6.232100000000003
2123,6.847
2124,6.595600000000002
2125,1.8567999999999998
2126,4.929299999999999
2127,5.7104
2128,1.8793999999999997
2129,8.661899999999997
2130,4.911100000000001
2131,1.6559
2132,3.791599999999999
2133,3.444499999999996
2134,6.0746
2135,3.0578999999999983
2136,4.279400000000001
2137,9.920500000000002
2138,7.377500000000001
2139,4.064499999999999
2140,30.18000000000001
2141,2.632299999999999
2142,6.993999999999999
2143,9.7858
2144,3.530299999999999
2145,5.684900000000002
2146,4.276
2147,3.1277999999999992
2148,2.7411000000000016
2149,8.1087
2150,5.7159
2151,1.8025
2152,8.5969
2153,7.6887
2154,7.431700000000004
2155,3.8709000000000016
2156,7.589100000000005
2157,25.4183
2158,12.552899999999998
2159,7.137800000000001
2160,2.8348
2161,4.0508999999999995
2162,8.559800000000001
2163,5.448199999999997
2164,4.766299999999999
2165,17.5016
2166,4.543400000000005
2167,6.553299999999999
2168,4.335399999999996
2169,5.385800000000001
2170,4.857300000000003
2171,2.969499999999997
2172,1.9372000000000025
2173,3.4719999999999995
2174,14.413800000000005
2175,8.9117
2176,5.4879
2177,18.3196
2178,6.173499999999997
2179,20.318
2180,1.6879999999999995
2181,5.158899999999999
2182,7.186299999999999
2183,8.971699999999998
2184,9.773099999999994
2185,5.846500000000001
2186,6.0073
2187,7.077200000000001
2188,8.1341
2189,8.424399999999999
2190,7.988200000000003
2191,5.307500000000001
2192,15.0674
2193,6.820899999999998
2194,1.1985916000000008
2195,2.7713000000000023
2196,52.9917
2197,5.909499999999998
2198,14.308500000000008
2199,4.916200000000004
2200,10.315300000000002
2201,5.245400000000003
2202,4.384199999999999
2203,2.1745
2204,12.162400000000002
2205,13.000000000000005
2206,4.6682999999999995
2207,12.7192
2208,12.671599999999998
2209,3.409500000000001
2210,7.021600000000004
2211,3.125499999999999
2212,1.1490000000000002
2213,4.1041
2214,6.7455
2215,4.380899999999996
2216,3.3988000000000023
2217,4.846199999999999
2218,2.4247999999999994
2219,22.915499999999998
2220,4.726799999999997
2221,4.5196000000000005
2222,3.287699999999999
2223,3.9279000000000006
2224,9.312800000000006
2225,3.3125999999999998
2226,6.6699
2227,15.9069
2228,2.7247999999999992
2229,6.138300000000002
2230,3.310200000000001
2231,11.457500000000003
2232,7.918799999999994
2233,3.8599
2234,2.939800000000001
2235,4.533899999999998
2236,10.987199999999996
2237,8.288099999999996
2238,5.166499999999998
2239,7.206800000000002
2240,5.922500000000001
2241,4.026499999999998
2242,13.573200000000003
2243,3.8433000000000006
2244,6.000400000000005
2245,8.548899999999998
2246,8.640500000000005
2247,62.57689999999999
2248,5.323699999999994
2249,4.619199999999999
2250,9.068900000000003
2251,7.0071999999999965
2252,3.5524
2253,9.320500000000001
2254,7.588699999999997
2255,2.860399999999999
2256,8.078000000000001
2257,7.6584
2258,6.394099999999998
2259,3.514900000000001
2260,3.601899999999998
2261,3.7927999999999993
2262,5.792799999999997
2263,5.035099999999999
2264,7.861399999999996
2265,8.642400000000002
2266,5.2291
2267,8.0777
2268,49.1525
2269,71.13349999999998
2270,4.250599999999999
2271,2.227567599999999
2272,22.14870000000001
2273,5.808299999999999
2274,9.108199999999998
2275,6.386100000000002
2276,18.228400000000004
2277,6.559
2278,3.324099999999997
2279,2.2647000000000004
2280,2.4093999999999998
2281,5.312199999999998
2282,4.605899999999998
2283,8.2789
2284,6.729000000000001
2285,3.5298000000000007
2286,9.8503
2287,6.3031999999999995
2288,9.4657
2289,4.282
2290,3.1805999999999988
2291,26.144700000000007
2292,1.930700000000001
2293,6.313600000000003
2294,6.502000000000002
2295,3.5839999999999996
2296,7.458299999999997
2297,11.902800000000003
2298,66.9854
2299,3.818299999999997
2300,10.5199
2301,6.967800000000003
2302,5.074600000000003
2303,6.481200000000002
2304,4.385299999999999
2305,8.1167
2306,2.4016000000000015
2307,5.437600000000001
2308,19.8532
2309,5.925099999999998
2310,5.954199999999999
2311,5.3900000000000015
2312,3.2531
2313,7.838900000000001
2314,4.278900000000004
2315,6.3858
2316,6.016099999999997
2317,8.182399999999998
2318,8.6879
2319,5.629500000000002
2320,18.071300000000004
2321,6.303000000000002
2322,4.497800000000001
2323,2.8675999999999986
2324,7.287700000000001
2325,13.0482
2326,38.633
2327,10.681400000000005
2328,4.288499999999998
2329,9.035099999999996
2330,5.983899999999998
2331,9.677800000000001
2332,11.838099999999999
2333,7.030799999999998
2334,2.756
2335,6.7608
2336,2.0897
2337,27.037999999999993
2338,8.725300000000002
2339,7.4204
2340,2.7182000000000013
2341,19.298800000000004
2342,2.999699999999999
2343,17.13929999999999
2344,9.142800000000005
2345,1.8043000000000007
2346,3.2611000000000008
2347,4.084700000000001
2348,6.340500000000003
2349,31.162500000000012
2350,3.9136000000000006
2351,9.516900000000001
2352,6.381600000000003
2353,7.786100000000001
2354,10.7549
2355,5.4391
2356,4.6371
2357,6.5031000000000025
2358,1.3154000000000008
2359,4.358600000000001
2360,5.755599999999998
2361,11.510600000000004
2362,6.578699999999994
2363,2.366599999999999
2364,5.511000000000003
2365,20.424
2366,4.966099999999999
2367,14.054900000000005
2368,4.1882816
2369,8.082200000000002
2370,3.991299999999998
2371,4.009600000000001
2372,7.693399999999997
2373,5.3736
2374,10.624600000000008
2375,9.538899999999995
2376,6.858599999999998
2377,7.787000000000001
2378,4.345499999999997
2379,8.009300000000003
2380,23.8975
2381,7.336600000000001
2382,2.144299999999999
2383,15.610300000000011
2384,12.654100000000001
2385,4.9718
2386,6.301299999999995
2387,9.019799999999998
2388,5.336400000000002
2389,7.664800000000001
2390,3.6283999999999965
2391,4.454999999999998
2392,7.276999999999999
2393,4.0605
2394,3.3109999999999973
2395,2.0163999999999995
2396,3.206299999999997
2397,17.06750000000001
2398,14.356499999999997
2399,4.310800000000001
2400,11.547
2401,5.065
2402,12.501099999999997
2403,10.459099999999996
2404,24.3565
2405,6.457600000000005
2406,3.1847999999999996
2407,8.526499999999999
2408,4.990300000000001
2409,4.2463
2410,6.584800000000006
2411,10.535399999999997
2412,1.9586
2413,5.6914
2414,4.879600000000003
2415,53.057199999999995
2416,4.874199999999999
2417,16.586700000000008
2418,1.7867999999999993
2419,8.604200000000006
2420,4.4148000000000005
2421,10.955600000000006
2422,16.11340000000001
2423,3.0559000000000016
2424,8.48210000000001
2425,2.284900000000001
2426,3.9191000000000007
2427,8.309399999999997
2428,1.2275293
2429,6.5981000000000005
2430,5.460700000000002
2431,8.499899999999997
2432,4.703799999999998
2433,0.5534001000000002
2434,7.571100000000001
2435,6.624799999999998
2436,14.198400000000001
2437,4.903399999999996
2438,5.749999999999999
2439,4.976599999999998
2440,3.8886999999999983
2441,2.7123999999999984
2442,8.899100000000006
2443,3.4783000000000026
2444,4.865999999999997
2445,27.792
2446,7.385400000000001
2447,3.826199999999996
2448,26.58180000000001
2449,12.075300000000004
2450,5.3276
2451,2.9237000000000006
2452,3.6550999999999982
2453,5.940300000000001
2454,3.0765
2455,17.397000000000002
2456,7.1671
2457,2.197599999999999
2458,4.918199999999998
2459,7.0871
2460,19.2595
2461,3.5273999999999996
2462,11.435500000000001
2463,4.539699999999999
2464,8.621699999999995
2465,4.614699999999998
2466,6.823500000000003
2467,3.499699999999998
2468,4.577400000000003
2469,6.625699999999999
2470,6.230199999999997
2471,3.2049000000000003
2472,4.301399999999997
2473,3.9221999999999997
2474,13.283000000000005
2475,17.424500000000002
2476,37.21000000000001
2477,12.639300000000008
2478,22.47600000000001
2479,1.588800000000001
2480,7.581900000000004
2481,8.0474
2482,40.92360000000002
2483,8.426799999999997
2484,7.946000000000001
2485,5.2065
2486,28.944799999999997
2487,3.1012999999999993
2488,4.579699999999998
2489,5.9596
2490,5.689399999999998
2491,10.796399999999995
2492,5.541999999999998
2493,0.6787284999999998
2494,7.226800000000002
2495,4.3996999999999975
2496,5.171299999999997
2497,8.612300000000005
2498,6.776600000000003
2499,1.7235000000000014
2500,16.442900000000012
2501,4.4909
2502,20.663100000000007
2503,7.791600000000001
2504,5.9456
2505,47.6225
2506,9.61780000000001
2507,8.521499999999998
2508,9.765999999999998
2509,3.3095999999999997
2510,6.710199999999994
2511,2.1150999999999995
2512,6.4325
2513,14.661000000000003
2514,2.6718
2515,2.497399999999997
2516,6.294700000000001
2517,2.9592
2518,7.138299999999996
2519,4.114200000000001
2520,2.452500000000001
2521,4.024899999999997
2522,36.0297
2523,7.327499999999999
2524,3.269699999999999
2525,4.607700000000003
2526,10.230799999999999
2527,5.7592
2528,3.6548
2529,9.162900000000002
2530,6.304999999999998
2531,6.7501
2532,3.985399999999997
2533,7.444300000000001
2534,12.1665
2535,9.852999999999998
2536,6.986699999999996
2537,17.9791
2538,16.235099999999996
2539,4.890700000000001
2540,3.0555000000000008
2541,7.340600000000004
2542,16.023900000000012
2543,6.004699999999998
2544,6.915200000000002
2545,40.71790000000001
2546,12.033999999999999
2547,3.7423999999999973
2548,1.7826
2549,3.6400999999999977
2550,9.270099999999998
2551,7.769199999999997
2552,57.2127
2553,1.6086000000000005
2554,30.526999999999997
2555,3.129299999999999
2556,4.316099999999999
2557,43.6355
2558,8.413100000000002
2559,9.1814
2560,1.8337000000000014
2561,3.5440999999999985
2562,7.765499999999996
2563,4.793800000000001
2564,14.304800000000007
2565,14.139799999999985
2566,3.827099999999999
2567,5.931300000000001
2568,2.5311
2569,9.4854
2570,7.286000000000001
2571,18.9674
2572,6.060299999999999
2573,24.486800000000006
2574,3.4078999999999997
2575,14.126499999999997
2576,8.932100000000002
2577,4.867300000000003
2578,2.390599999999999
2579,8.0352
2580,4.583799999999999
2581,8.4878
2582,3.795
2583,17.679800000000007
2584,3.2027999999999963
2585,18.869600000000005
2586,10.0321
2587,6.148499999999997
2588,29.484499999999993
2589,4.5573999999999995
2590,6.655199999999995
2591,2.2259
2592,12.047900000000002
2593,13.5105
2594,50.8868
2595,6.768199999999999
2596,24.059200000000022
2597,50.794000000000004
2598,4.018299999999999
2599,2.3127999999999993
2600,7.5824
2601,5.117200000000002
2602,5.256400000000001
2603,1.9616000000000005
2604,4.354200000000001
2605,14.853900000000003
2606,4.1442999999999985
2607,9.0109
2608,16.476700000000005
2609,3.287599999999998
2610,6.029799999999997
2611,5.913900000000002
2612,14.436000000000002
2613,6.167800000000002
2614,6.1202
2615,9.240499999999995
2616,1.9647999999999999
2617,2.062300000000002
2618,6.7561
2619,7.335100000000001
2620,4.852399999999997
2621,46.240399999999994
2622,4.9079
2623,5.3717999999999995
2624,1.465499999999999
2625,2.806800000000001
2626,44.03620000000001
2627,6.368300000000001
2628,3.5826999999999987
2629,5.603300000000001
2630,3.223599999999999
2631,4.139199999999998
2632,29.97979999999999
2633,4.320199999999998
2634,8.5671
2635,4.226799999999996
2636,8.213
2637,14.151299999999987
2638,5.1402
2639,4.504700000000004
2640,9.871100000000006
2641,5.063100000000003
2642,28.656999999999996
2643,5.739799999999998
2644,2.4231000000000007
2645,6.2231999999999985
2646,7.578899999999997
2647,12.125100000000005
2648,8.699700000000002
2649,10.6131
2650,5.667799999999996
2651,7.2875
2652,10.770199999999997
2653,4.217000000000001
2654,5.153000000000004
2655,5.696899999999999
2656,5.566599999999999
2657,5.669900000000001
2658,2.5829999999999997
2659,5.503199999999997
2660,4.3458999999999985
2661,0.8956999999999999
2662,1.4953000000000003
2663,2.465799999999999
2664,5.834199999999999
2665,4.4298
2666,5.5475
2667,2.323000000000001
2668,6.590799999999998
2669,8.482499999999998
2670,5.392800000000003
2671,6.522599999999999
2672,7.891200000000001
2673,6.945900000000005
2674,7.838500000000006
2675,2.9611999999999976
2676,3.2048999999999985
2677,4.117600000000001
2678,1.9957999999999996
2679,1.1746537999999995
2680,6.019099999999997
2681,5.2438
2682,4.967499999999998
2683,4.478800000000003
2684,7.957499999999999
2685,2.6418
2686,8.811499999999997
2687,5.517799999999999
2688,33.539500000000004
2689,9.319799999999999
2690,3.497599999999999
2691,5.612100000000001
2692,6.206899999999998
2693,10.054700000000002
2694,3.4511000000000003
2695,4.791699999999997
2696,3.0317999999999983
2697,29.588499999999982
2698,8.124500000000005
2699,4.4513000000000025
2700,1.4573950000000004
2701,4.7982999999999985
2702,4.021499999999999
2703,3.479199999999998
2704,15.651199999999992
2705,5.211400000000001
2706,14.457100000000004
2707,19.3784
2708,10.4014
2709,11.032700000000002
2710,5.148100000000002
2711,7.721600000000003
2712,3.670999999999999
2713,8.7039
2714,5.976199999999999
2715,6.490099999999996
2716,5.411899999999996
2717,5.689699999999999
2718,6.225400000000003
2719,15.879000000000003
2720,5.7029000000000005
2721,13.268400000000003
2722,1.8056999999999996
2723,3.032999999999997
2724,5.181800000000003
2725,5.1485999999999965
2726,9.951799999999995
2727,8.114000000000003
2728,3.919199999999999
2729,4.898800000000001
2730,3.8162000000000003
2731,0.8673996999999999
2732,3.980399999999999
2733,18.665700000000005
2734,2.187999999999999
2735,19.956799999999998
2736,24.827500000000004
2737,6.868699999999998
2738,19.05710000000001
2739,1.7927999999999997
2740,4.6882
2741,16.683800000000005
2742,2.385365700000001
2743,24.76049999999999
2744,4.2329
2745,1.9148000000000005
2746,3.3619
2747,4.5771602
2748,4.284599999999998
2749,6.475599999999998
2750,3.6793000000000005
2751,12.541100000000007
2752,3.893499999999997
2753,4.5261999999999984
2754,27.1003
2755,9.417499999999999
2756,2.7064000000000004
2757,44.7288
2758,55.32549999999999
2759,9.145999999999997
2760,4.437
2761,10.37770000000001
2762,5.504900000000001
2763,7.828899999999999
2764,18.68440000000001
2765,4.3630999999999975
2766,3.965900000000001
2767,1.8872000000000002
2768,0.6249001000000004
2769,4.733199999999997
2770,18.968700000000002
2771,5.677400000000001
2772,1.4209999999999992
2773,11.3277
2774,6.428999999999998
2775,2.0531292999999993
2776,1.1790000000000003
2777,3.0942000000000007
2778,4.033599999999998
2779,3.3996000000000004
2780,5.713699999999999
2781,3.4507999999999983
2782,15.685900000000004
2783,4.848600000000001
2784,8.923999999999996
2785,3.392099999999998
2786,7.287999999999998
2787,5.712600000000005
2788,5.841900000000001
2789,9.373900000000003
2790,4.861599999999999
2791,4.7344
2792,2.7611999999999983
2793,10.983600000000001
2794,3.7969000000000026
2795,7.468000000000002
2796,5.893399999999997
2797,1.8065000000000004
2798,4.811199999999999
2799,6.405400000000002
2800,6.534399999999998
2801,5.194300000000001
2802,5.9369000000000005
2803,3.7627999999999986
2804,12.454500000000001
2805,3.5077
2806,13.647300000000003
2807,42.84959999999999
2808,1.9306
2809,3.174199999999999
2810,7.085200000000001
2811,25.435800000000015
2812,1.633
2813,11.398299999999999
2814,8.975699999999998
2815,3.239300000000002
2816,18.376800000000006
2817,2.6835999999999998
2818,6.2809
2819,3.0379999999999994
2820,4.282100000000001
2821,4.020199999999999
2822,5.331999999999997
2823,2.7861999999999996
2824,10.249600000000001
2825,12.835000000000006
2826,5.9874
2827,9.7114
2828,7.460600000000004
2829,6.4804999999999975
2830,10.27130000000001
2831,4.3396000000000035
2832,8.3213
2833,6.371000000000001
2834,3.5122999999999984
2835,43.11770000000001
2836,11.775200000000002
2837,8.266
2838,11.634199999999996
2839,3.665499999999997
2840,5.093999999999997
2841,3.3843000000000014
2842,44.11420000000001
2843,1.7491999999999992
2844,13.4859
2845,23.130600000000005
2846,6.159999999999999
2847,6.095400000000001
2848,2.9337999999999993
2849,6.440699999999998
2850,4.8839999999999995
2851,4.361000000000001
2852,37.3952
2853,8.968100000000005
2854,6.3831999999999995
2855,9.913400000000001
2856,25.755499999999998
2857,10.846700000000004
2858,1.7447
2859,1.9694999999999978
2860,8.7942
2861,17.2551
2862,6.698699999999999
2863,4.533900000000001
2864,2.4747
2865,11.736
2866,4.263999999999999
2867,8.1875
2868,5.6219
2869,14.3683
2870,6.442600000000001
2871,6.4457
2872,9.352200000000003
2873,16.46950000000001
2874,2.2211999999999974
2875,8.193000000000001
2876,2.4720000000000013
2877,9.314300000000001
2878,17.317800000000005
2879,18.114500000000007
2880,11.471700000000004
2881,5.0989
2882,5.8953999999999995
2883,6.838700000000002
2884,5.763399999999998
2885,11.903899999999998
2886,2.5531293000000006
2887,9.631500000000006
2888,5.025500000000002
2889,4.6558
2890,3.5536000000000025
2891,54.72449999999999
2892,22.29700000000001
2893,7.091899999999994
2894,23.228399999999997
2895,4.7741999999999996
2896,5.8557999999999995
2897,4.095099999999999
2898,17.349999999999994
2899,2.057199999999999
2900,5.255800000000001
2901,38.21200000000001
2902,11.4791
2903,8.565
2904,3.138
2905,4.5262
2906,3.3222000000000005
2907,4.9534
2908,22.773000000000003
2909,10.797
2910,2.555899999999998
2911,5.724999999999999
2912,2.1273999999999997
2913,8.058499999999999
2914,8.956299999999997
2915,3.296800000000002
2916,4.266000000000001
2917,33.167699999999996
2918,7.2239999999999975
2919,51.14009999999998
2920,8.512499999999996
2921,22.254300000000004
2922,5.6311
2923,5.449900000000001
2924,14.717500000000003
2925,6.397400000000001
2926,5.546000000000003
2927,8.4368
2928,7.393400000000002
2929,8.171100000000001
2930,4.9361999999999995
2931,2.940399999999997
2932,19.077000000000005
2933,4.9491000000000005
2934,5.9237999999999955
2935,9.568299999999995
2936,9.078699999999998
2937,3.655399999999999
2938,1.681999999999998
2939,5.251400000000003
2940,4.317400000000002
2941,13.210799999999995
2942,5.798799999999999
2943,2.1788000000000003
2944,1.6368
2945,20.49090000000001
2946,3.7440999999999964
2947,3.4693999999999976
2948,3.5953999999999997
2949,9.704999999999995
2950,6.003999999999996
2951,6.5747
2952,27.211
2953,7.184700000000007
2954,6.706200000000003
2955,3.0967999999999996
2956,18.57940000000001
2957,22.307800000000007
2958,13.138700000000002
2959,5.895700000000001
2960,4.0291000000000015
2961,19.855700000000002
2962,3.863099999999997
2963,22.677200000000024
2964,10.0919
2965,15.434800000000001
2966,6.2834
2967,4.5824
2968,3.748599999999999
2969,10.442000000000007
2970,6.7635000000000005
2971,7.282299999999999
2972,6.3728
2973,6.4921999999999995
2974,3.3175999999999974
2975,6.894400000000002
2976,2.636699999999998
2977,32.520900000000005
2978,37.688600000000015
2979,14.068700000000002
2980,2.337999999999999
2981,3.202200000000001
2982,2.583899999999998
2983,2.192199999999999
2984,4.435900000000001
2985,5.3591999999999995
2986,5.4768
2987,1.1235000000000002
2988,21.3842
2989,3.463199999999999
2990,7.211199999999998
2991,6.703999999999997
2992,2.9991999999999983
2993,8.353399999999997
2994,8.0031
2995,6.861799999999997
2996,6.786500000000003
2997,8.708400000000001
2998,48.6047
2999,5.8809000000000005
3000,11.689599999999999
3001,3.679299999999998
3002,8.7912
3003,3.5331999999999977
3004,3.824499999999995
3005,4.251100000000001
3006,4.549999999999999
3007,13.095500000000001
3008,3.6380999999999983
3009,13.225000000000005
3010,7.350299999999999
3011,3.424100000000001
3012,86.40199999999997
3013,10.6928
3014,1.5755
3015,2.960699999999999
3016,15.5698
3017,35.88870000000002
3018,7.367900000000001
3019,2.4914999999999994
3020,10.200800000000005
3021,11.831399999999999
3022,5.468599999999999
3023,3.2092999999999994
3024,10.055400000000002
3025,6.4234
3026,6.7094
3027,4.161300000000001
3028,5.156399999999999
3029,13.926200000000005
3030,1.7852999999999997
3031,17.857900000000004
3032,9.641699999999993
3033,6.9079
3034,9.185200000000002
3035,13.991900000000001
3036,2.039899999999999
3037,6.749100000000002
3038,13.160000000000002
3039,1.9935000000000014
3040,4.7893000000000026
3041,3.917799999999998
3042,2.9123999999999985
3043,13.111400000000003
3044,5.320900000000003
3045,19.904100000000014
3046,1.1630000000000003
3047,4.975900000000001
3048,3.607399999999996
3049,11.731399999999994
3050,9.728600000000004
3051,5.077799999999999
3052,3.8484999999999996
3053,26.121499999999997
3054,1.934400000000001
3055,8.281700000000003
3056,3.8670999999999998
3057,10.136500000000005
3058,4.0779000000000005
3059,10.241400000000004
3060,5.215999999999999
3061,3.9779000000000027
3062,8.083300000000001
3063,8.172900000000004
3064,6.7527
3065,7.672999999999998
3066,6.212299999999999
3067,50.1355
3068,8.5496
3069,6.613699999999999
3070,15.158200000000011
3071,3.1346
3072,3.5877
3073,16.558100000000003
3074,17.397000000000006
3075,10.733400000000001
3076,7.717999999999998
3077,4.841900000000002
3078,7.159800000000003
3079,13.943700000000002
3080,5.322600000000001
3081,30.405400000000014
3082,8.703299999999999
3083,1.2459479
3084,3.2385000000000006
3085,8.207499999999996
3086,6.271300000000002
3087,6.4314
3088,7.382000000000002
3089,32.634
3090,7.097599999999997
3091,9.741499999999995
3092,5.885800000000001
3093,3.1917999999999984
3094,7.761199999999999
3095,6.011599999999999
3096,5.927299999999999
3097,5.505799999999997
3098,6.018199999999996
3099,12.640799999999992
3100,10.442300000000007
3101,10.339599999999994
3102,6.382600000000001
3103,4.2828
3104,1.3609528000000006
3105,3.1062000000000007
3106,9.188500000000003
3107,2.3403999999999994
3108,2.353599999999999
3109,11.362599999999997
3110,6.455900000000001
3111,7.374200000000005
3112,26.8853
3113,5.968299999999999
3114,1.1216552000000002
3115,8.181800000000003
3116,4.355499999999999
3117,5.6303
3118,3.736800000000001
3119,2.1767999999999996
3120,6.5107000000000035
3121,5.4053
3122,29.5561
3123,12.657600000000008
3124,5.8602
3125,5.594200000000002
3126,2.3042
3127,5.4119
3128,10.363500000000004
3129,5.1819
3130,13.626700000000007
3131,1.6457000000000006
3132,3.8812000000000006
3133,10.798199999999994
3134,9.874199999999997
3135,1.7425000000000008
3136,3.199699999999999
3137,18.958700000000007
3138,6.582800000000002
3139,4.923600000000001
3140,7.858699999999999
3141,1.716400000000001
3142,8.537199999999999
3143,4.725799999999998
3144,3.1614000000000004
3145,22.149399999999993
3146,2.652099999999998
3147,11.0207
3148,6.481900000000001
3149,34.903800000000004
3150,6.181399999999999
3151,4.403199999999998
3152,2.1161999999999987
3153,4.992300000000003
3154,13.468900000000003
3155,6.088400000000002
3156,7.131400000000003
3157,4.495999999999999
3158,2.850299999999998
3159,6.835299999999998
3160,5.1286000000000005
3161,6.719699999999997
3162,8.663800000000002
3163,6.375900000000001
3164,5.575500000000001
3165,4.325500000000001
3166,2.1475999999999997
3167,34.44519999999999
3168,3.487899999999999
3169,5.111000000000001
3170,3.0910000000000006
3171,3.764300000000003
3172,3.3437000000000006
3173,8.925099999999997
3174,22.967900000000004
3175,3.7382000000000004
3176,6.9001
3177,3.5098999999999996
3178,4.485699999999999
3179,3.8169999999999957
3180,5.699000000000001
3181,18.86180000000001
3182,5.554699999999998
3183,4.1624
3184,3.159400000000001
3185,3.3196000000000008
3186,3.4476999999999998
3187,2.0991000000000013
3188,5.295599999999999
3189,8.903700000000006
3190,15.850900000000008
3191,1.8795000000000008
3192,6.075699999999995
3193,6.9841
3194,10.187800000000001
3195,3.0843000000000007
3196,6.766900000000001
3197,11.044500000000012
3198,2.9972999999999983
3199,27.2404
3200,17.181300000000004
3201,4.6824
3202,7.799600000000001
3203,2.793400000000001
3204,1.5435807000000004
3205,9.208800000000004
3206,6.3766
3207,8.408899999999997
3208,11.71
3209,6.924799999999999
3210,21.410000000000018
3211,4.4779
3212,6.756299999999998
3213,9.1392
3214,6.189099999999997
3215,4.3313000000000015
3216,5.328099999999996
3217,3.324199999999998
3218,14.742900000000006
3219,6.904499999999998
3220,6.638500000000001
3221,8.683199999999998
3222,2.8305000000000007
3223,3.1598999999999995
3224,14.542500000000002
3225,12.145100000000005
3226,9.010600000000005
3227,13.450200000000002
3228,13.923700000000013
3229,84.15699999999997
3230,1.5493469000000006
3231,10.996700000000002
3232,6.6273000000000035
3233,5.507700000000001
3234,10.696600000000004
3235,1.564572
3236,2.0663000000000005
3237,3.1809000000000007
3238,3.262000000000002
3239,9.479099999999995
3240,10.294499999999998
3241,2.0680000000000005
3242,3.1522999999999985
3243,1.9049
3244,6.925599999999998
3245,45.89059999999999
3246,2.905299999999999
3247,6.3187999999999995
3248,2.689800000000001
3249,43.545199999999994
3250,2.7244
3251,9.480299999999994
3252,6.385900000000005
3253,10.439300000000001
3254,8.273400000000004
3255,8.548799999999998
3256,6.098700000000001
3257,16.2743
3258,7.840500000000003
3259,8.5092
3260,6.783899999999997
3261,20.110600000000005
3262,4.553600000000002
3263,14.740200000000002
3264,2.2246999999999995
3265,3.6586000000000007
3266,14.003699999999997
3267,2.654399999999998
3268,6.937600000000001
3269,8.447600000000001
3270,22.88740000000001
3271,2.679399999999999
3272,5.8982
3273,4.197699999999997
3274,5.418800000000002
3275,3.0366000000000013
3276,6.7839
3277,4.924800000000004
3278,2.207900000000001
3279,1.5493405000000002
3280,6.3554
3281,4.165399999999999
3282,10.7997
3283,4.651999999999998
3284,6.145499999999998
3285,8.018500000000003
3286,3.7936000000000014
3287,6.675099999999998
3288,47.861000000000004
3289,5.431099999999998
3290,2.2401
3291,10.497599999999998
3292,4.575099999999999
3293,3.9329999999999994
3294,2.4034999999999997
3295,4.436399999999997
3296,4.911300000000001
3297,5.655099999999999
3298,5.948199999999997
3299,6.097899999999998
3300,8.1164
3301,14.887400000000003
3302,15.702700000000004
3303,6.740500000000002
3304,18.774600000000007
3305,10.9558
3306,6.494100000000002
3307,47.52190000000002
3308,6.567999999999997
3309,2.3946999999999985
3310,6.700500000000003
3311,7.205300000000002
3312,3.6329000000000007
3313,5.749399999999998
3314,4.025
3315,12.479800000000004
3316,6.106100000000002
3317,15.087899999999998
3318,6.038499999999999
3319,5.8648
3320,18.375700000000013
3321,4.8062999999999985
3322,8.154299999999996
3323,45.4933
3324,4.1873000000000005
3325,0.7616533999999998
3326,3.395200000000003
3327,6.882500000000002
3328,5.748499999999999
3329,6.893099999999997
3330,3.6630999999999996
3331,4.361600000000002
3332,5.7791
3333,14.000700000000013
3334,3.745399999999998
3335,3.557200000000001
3336,4.826499999999998
3337,7.5482999999999985
3338,4.128200000000002
3339,2.652200000000002
3340,18.3473
3341,3.759800000000003
3342,6.345600000000001
3343,15.495999999999997
3344,2.817100000000001
3345,2.0654999999999997
3346,3.068899999999999
3347,7.631700000000002
3348,4.292400000000001
3349,1.085
3350,5.276399999999998
3351,4.577999999999999
3352,5.124599999999998
3353,23.695899999999998
3354,3.1282999999999985
3355,12.055600000000002
3356,17.087500000000002
3357,3.0449999999999995
3358,3.081000000000001
3359,7.709700000000001
3360,5.8690999999999995
3361,7.598599999999997
3362,5.172499999999998
3363,9.3837
3364,8.171000000000006
3365,14.208000000000013
3366,29.513
3367,4.217800000000002
3368,5.562200000000002
3369,4.406399999999998
3370,7.400300000000005
3371,3.7411999999999974
3372,6.896999999999996
3373,3.8967999999999994
3374,6.8111000000000015
3375,22.502200000000002
3376,8.6572
3377,7.332500000000001
3378,7.573900000000001
3379,14.385299999999997
3380,50.24069999999999
3381,37.2694
3382,4.7288000000000014
3383,18.142400000000002
3384,5.490899999999998
3385,7.488300000000001
3386,2.2033999999999994
3387,15.718600000000002
3388,39.104200000000006
3389,5.881100000000008
3390,17.460600000000014
3391,3.6872000000000007
3392,1.4608214000000004
3393,4.392299999999998
3394,10.223000000000003
3395,8.350999999999997
3396,9.739600000000005
3397,7.501199999999996
3398,7.704000000000001
3399,8.063399999999998
3400,4.860300000000002
3401,2.6596999999999973
3402,4.3568
3403,40.4571
3404,1.0861000000000003
3405,50.388899999999985
3406,5.635900000000001
3407,5.839399999999997
3408,6.1968999999999985
3409,5.773599999999998
3410,3.545999999999998
3411,3.2909
3412,6.115300000000002
3413,7.958299999999998
3414,6.0523
3415,4.658499999999999
3416,3.514199999999998
3417,16.40919999999999
3418,98.53649999999999
3419,14.328900000000008
3420,6.808099999999997
3421,7.343600000000004
3422,7.370999999999996
3423,8.321500000000007
3424,30.227700000000006
3425,4.3475
3426,6.3153
3427,5.084999999999996
3428,2.5745000000000005
3429,4.852200000000002
3430,2.4414
3431,4.869599999999998
3432,5.379899999999997
3433,2.411799999999999
3434,3.2516000000000003
3435,4.971600000000002
3436,10.455500000000002
3437,15.588000000000001
3438,3.1407
3439,16.342200000000002
3440,2.3864999999999994
3441,3.407599999999998
3442,15.571500000000007
3443,3.199099999999998
3444,5.452999999999999
3445,3.4460000000000015
3446,5.341799999999998
3447,4.972600000000001
3448,21.1509
3449,4.368
3450,5.046400000000001
3451,10.724200000000002
3452,8.838399999999995
3453,3.4145
3454,6.354500000000002
3455,43.431000000000004
3456,15.992900000000006
3457,7.7833000000000006
3458,4.964099999999998
3459,2.8157
3460,5.264699999999996
3461,1.3677574000000001
3462,10.093199999999998
3463,3.709199999999998
3464,5.479299999999998
3465,5.1706
3466,7.9244
3467,23.906900000000004
3468,0.8245001000000002
3469,1.4490025999999994
3470,6.431
3471,1.2634000000000003
3472,5.337900000000001
3473,4.5085000000000015
3474,5.253299999999996
3475,74.77949999999996
3476,3.1988999999999983
3477,3.3888999999999987
3478,7.786300000000001
3479,2.9825
3480,2.5084999999999993
3481,4.506599999999999
3482,32.05290000000002
3483,4.336200000000002
3484,5.500799999999998
3485,6.503300000000003
3486,3.2665999999999995
3487,7.618200000000001
3488,5.0445999999999955
3489,5.222899999999998
